               epoch,      train/box_loss,      train/obj_loss,      train/cls_loss,   metrics/precision,      metrics/recall,     metrics/mAP_0.5,metrics/mAP_0.5:0.95,        val/box_loss,        val/obj_loss,        val/cls_loss,               x/lr0,               x/lr1,               x/lr2
                   0,              0.1276,            0.043832,            0.050874,           0.0028011,            0.022222,           0.0014954,          0.00014954,             0.12845,            0.032624,            0.057114,              0.0928,              0.0008,              0.0008
                   1,             0.11951,            0.055854,            0.049248,                   0,                   0,                   0,                   0,             0.12207,            0.040202,            0.051727,            0.084694,           0.0016944,           0.0016944
                   2,             0.11478,            0.057927,            0.049494,           0.0078436,            0.092308,           0.0062473,           0.0014696,              0.1149,            0.045824,            0.049515,            0.076583,           0.0025828,           0.0025828
                   3,             0.11052,            0.062278,             0.04751,           0.0035552,             0.19231,           0.0024068,          0.00036844,             0.11048,              0.0529,             0.04882,            0.068465,           0.0034654,           0.0034654
                   4,             0.10419,            0.064179,            0.044733,            0.024697,             0.39915,             0.06725,            0.012065,            0.095139,            0.064613,              0.0467,            0.060342,           0.0043419,           0.0043419
                   5,             0.10272,            0.067878,            0.044321,            0.071579,              0.2735,            0.095409,            0.021273,            0.088175,            0.070596,             0.04705,            0.052213,           0.0052126,           0.0052126
                   6,             0.10058,            0.059883,            0.042511,            0.029118,             0.31026,             0.02331,           0.0036944,            0.080758,            0.075588,            0.046661,            0.044077,           0.0060772,           0.0060772
                   7,            0.095855,            0.067451,            0.038914,            0.047762,             0.30684,            0.099535,            0.011723,            0.094658,            0.082631,            0.053452,            0.035936,            0.006936,            0.006936
                   8,            0.094047,            0.057732,            0.037297,            0.022319,             0.14017,            0.016601,           0.0026272,             0.10439,            0.069503,            0.067215,            0.027789,           0.0077888,           0.0077888
                   9,            0.097273,            0.050459,            0.037641,            0.016667,             0.33333,            0.017125,           0.0080627,            0.089828,            0.059686,            0.064301,            0.019636,           0.0086357,           0.0086357
                  10,            0.093892,            0.055054,            0.034635,             0.40565,            0.088889,            0.044422,             0.01877,            0.087822,             0.05152,            0.053986,            0.011477,           0.0094766,           0.0094766
                  11,            0.092024,            0.051366,            0.033749,            0.023901,             0.27692,            0.021607,           0.0048261,            0.084695,            0.047228,            0.048111,            0.009637,            0.009637,            0.009637
                  12,            0.091558,            0.047561,            0.031891,            0.039434,             0.49744,            0.052175,            0.011857,            0.081208,            0.047362,            0.038116,            0.009637,            0.009637,            0.009637
                  13,             0.09111,            0.048279,            0.028282,            0.078612,             0.29744,            0.068847,            0.026065,            0.084334,            0.043914,            0.033348,            0.009604,            0.009604,            0.009604
                  14,            0.089484,            0.052065,            0.027613,             0.41106,             0.24274,             0.10221,            0.028308,            0.083166,            0.045368,            0.025421,            0.009571,            0.009571,            0.009571
                  15,            0.089475,            0.053879,            0.022475,             0.51384,             0.43932,             0.21684,            0.059314,            0.073742,            0.042359,            0.019493,            0.009538,            0.009538,            0.009538
                  16,            0.084757,            0.046507,            0.022726,              0.5814,             0.53795,             0.32995,            0.094728,            0.067041,            0.038768,             0.01802,            0.009505,            0.009505,            0.009505
                  17,            0.081791,            0.047867,            0.022688,            0.065484,             0.45641,            0.070527,            0.029635,              0.1004,            0.047705,            0.017649,            0.009472,            0.009472,            0.009472
                  18,             0.08316,            0.045817,            0.020934,             0.44583,             0.61538,             0.15951,            0.070169,            0.088883,            0.051837,            0.016479,            0.009439,            0.009439,            0.009439
                  19,            0.080034,             0.04608,            0.020526,             0.61422,             0.57022,             0.34512,              0.2073,             0.09622,            0.050375,            0.016909,            0.009406,            0.009406,            0.009406
                  20,            0.080866,            0.047036,            0.020737,              0.6962,             0.57185,             0.46611,             0.21098,            0.081218,            0.038881,            0.017576,            0.009373,            0.009373,            0.009373
                  21,            0.081348,             0.04622,            0.021028,             0.75877,             0.50427,             0.49087,             0.21851,            0.061384,            0.039513,            0.018888,             0.00934,             0.00934,             0.00934
                  22,            0.072953,            0.046978,            0.018112,             0.62566,             0.53463,             0.39945,             0.19341,            0.061021,            0.047091,            0.016445,            0.009307,            0.009307,            0.009307
                  23,            0.073663,            0.047311,             0.01809,             0.69617,             0.37798,             0.43726,             0.20323,            0.059156,            0.043307,            0.015421,            0.009274,            0.009274,            0.009274
                  24,            0.073467,            0.045379,            0.018558,             0.55887,             0.39316,             0.30708,              0.1624,            0.057385,            0.047504,            0.015277,            0.009241,            0.009241,            0.009241
                  25,            0.073344,            0.045238,            0.015168,             0.66083,             0.41815,             0.41452,             0.20737,            0.064383,            0.044822,            0.014892,            0.009208,            0.009208,            0.009208
                  26,            0.072226,            0.048934,            0.016485,             0.71981,             0.42721,             0.43849,             0.16484,            0.061707,            0.043191,            0.014404,            0.009175,            0.009175,            0.009175
                  27,            0.077833,            0.045183,            0.014938,             0.64967,             0.55556,             0.39693,             0.19935,            0.053626,            0.040949,            0.013887,            0.009142,            0.009142,            0.009142
                  28,            0.069479,            0.047081,            0.014516,              0.6041,             0.54264,             0.42281,             0.18887,            0.058875,            0.039504,            0.012238,            0.009109,            0.009109,            0.009109
                  29,            0.069911,            0.044139,            0.013341,             0.76018,             0.50315,             0.41873,               0.202,            0.059682,            0.040572,            0.011423,            0.009076,            0.009076,            0.009076
                  30,            0.067558,            0.047875,             0.01502,             0.71253,             0.45641,             0.49652,             0.29419,            0.050718,            0.044468,            0.010656,            0.009043,            0.009043,            0.009043
                  31,             0.06479,            0.044633,            0.012801,             0.83312,             0.49402,             0.55254,             0.18191,             0.06062,            0.037567,           0.0097075,             0.00901,             0.00901,             0.00901
                  32,            0.065544,            0.043886,            0.012726,             0.63261,             0.56752,             0.53062,             0.31132,            0.054928,            0.051663,           0.0092087,            0.008977,            0.008977,            0.008977
                  33,            0.068278,            0.047425,            0.013328,             0.72895,             0.53333,             0.55981,             0.33228,            0.053561,            0.043542,            0.008667,            0.008944,            0.008944,            0.008944
                  34,            0.062285,            0.041728,            0.013486,             0.80212,             0.58082,             0.56161,             0.36497,            0.042831,            0.040781,           0.0085478,            0.008911,            0.008911,            0.008911
                  35,            0.066017,            0.047699,            0.012269,             0.78012,             0.53955,             0.51956,              0.2566,            0.053366,            0.045673,           0.0078707,            0.008878,            0.008878,            0.008878
                  36,            0.067398,            0.046997,            0.010055,             0.78697,             0.62397,             0.62498,             0.40484,            0.061252,            0.043917,           0.0079041,            0.008845,            0.008845,            0.008845
                  37,            0.070616,            0.041219,            0.008686,             0.34573,             0.78889,             0.59434,              0.2312,            0.060641,            0.040594,           0.0070858,            0.008812,            0.008812,            0.008812
                  38,            0.068741,            0.040066,           0.0095646,             0.75668,             0.51029,             0.59584,              0.3596,            0.053493,              0.0374,           0.0072441,            0.008779,            0.008779,            0.008779
                  39,            0.065853,             0.04183,           0.0079126,             0.86363,             0.58867,             0.61056,              0.2944,            0.051535,            0.037097,           0.0075645,            0.008746,            0.008746,            0.008746
                  40,            0.066806,            0.042664,           0.0085068,             0.80081,             0.59658,             0.76421,             0.53229,            0.046344,            0.034957,           0.0075455,            0.008713,            0.008713,            0.008713
                  41,            0.064171,            0.044967,           0.0085085,             0.85541,             0.57094,             0.76278,             0.41324,            0.054164,            0.036306,           0.0068569,             0.00868,             0.00868,             0.00868
                  42,            0.062107,            0.041075,           0.0090609,             0.85381,             0.57436,             0.80297,             0.44188,             0.05241,            0.036829,           0.0058842,            0.008647,            0.008647,            0.008647
                  43,            0.066955,            0.043402,           0.0084228,             0.55816,             0.96275,             0.90699,             0.44713,            0.048451,             0.03256,           0.0050859,            0.008614,            0.008614,            0.008614
                  44,            0.058016,            0.041781,           0.0081906,             0.48175,             0.83333,             0.61133,             0.37929,            0.049506,            0.034618,           0.0054216,            0.008581,            0.008581,            0.008581
                  45,            0.061264,            0.047249,           0.0072368,             0.70249,             0.66667,             0.67236,               0.428,            0.046798,            0.034657,           0.0056391,            0.008548,            0.008548,            0.008548
                  46,             0.06307,            0.040109,           0.0057726,             0.73967,             0.63212,             0.87007,             0.60073,             0.04579,            0.035324,           0.0064306,            0.008515,            0.008515,            0.008515
                  47,            0.061728,            0.043569,            0.006739,             0.86185,             0.57778,             0.65893,             0.29847,            0.043696,            0.035904,           0.0066414,            0.008482,            0.008482,            0.008482
                  48,            0.062426,            0.042114,           0.0077634,             0.74261,             0.59564,             0.53682,             0.27545,            0.048875,            0.038028,           0.0060406,            0.008449,            0.008449,            0.008449
                  49,            0.060486,            0.043622,           0.0066409,             0.78531,             0.59421,             0.68725,             0.39457,            0.043729,            0.037567,           0.0060291,            0.008416,            0.008416,            0.008416
                  50,            0.060059,            0.044177,           0.0063123,             0.73332,             0.55556,             0.70365,              0.3591,            0.049351,            0.037789,           0.0056744,            0.008383,            0.008383,            0.008383
                  51,            0.064806,             0.04436,           0.0050002,             0.84316,             0.62222,             0.78645,             0.47106,            0.046491,            0.037045,           0.0047731,             0.00835,             0.00835,             0.00835
                  52,            0.060013,            0.041795,           0.0054086,             0.86502,             0.61114,             0.77266,             0.54013,            0.048424,            0.037125,           0.0043354,            0.008317,            0.008317,            0.008317
                  53,            0.061398,            0.038282,           0.0059377,              0.8518,             0.62222,             0.64851,             0.41669,            0.045363,            0.039666,           0.0047541,            0.008284,            0.008284,            0.008284
                  54,            0.058143,            0.039052,           0.0058958,             0.90103,             0.61696,             0.64685,             0.41763,            0.044501,            0.039082,           0.0050011,            0.008251,            0.008251,            0.008251
                  55,            0.056101,            0.038774,            0.008113,              0.9026,             0.62222,             0.70258,             0.48004,            0.047129,            0.037973,           0.0042477,            0.008218,            0.008218,            0.008218
                  56,            0.056977,            0.036363,           0.0060255,             0.93517,             0.63719,             0.79745,             0.54666,             0.03942,            0.036384,           0.0046048,            0.008185,            0.008185,            0.008185
                  57,            0.056344,            0.039855,           0.0052709,             0.63654,             0.83333,             0.80578,             0.53256,            0.045792,            0.036834,           0.0035963,            0.008152,            0.008152,            0.008152
                  58,            0.059092,            0.040056,           0.0051259,             0.72358,             0.83333,             0.85429,             0.61171,            0.040976,            0.033149,           0.0035563,            0.008119,            0.008119,            0.008119
                  59,            0.060696,            0.039167,           0.0052128,             0.89367,             0.72222,             0.87881,             0.47873,            0.047893,            0.034025,           0.0031748,            0.008086,            0.008086,            0.008086
                  60,            0.059322,            0.039326,           0.0058338,             0.62542,             0.83333,             0.84004,             0.53445,            0.045072,            0.033243,           0.0030289,            0.008053,            0.008053,            0.008053
                  61,            0.059003,            0.038404,           0.0058709,             0.68319,             0.83333,             0.87954,             0.63687,            0.043325,            0.032333,           0.0027714,             0.00802,             0.00802,             0.00802
                  62,            0.056734,            0.039103,           0.0052507,             0.55275,             0.83333,             0.81776,             0.46283,            0.050033,            0.035384,           0.0026002,            0.007987,            0.007987,            0.007987
                  63,            0.060034,            0.042588,           0.0052294,             0.64236,             0.83333,             0.84015,             0.49255,            0.046989,            0.034686,            0.003089,            0.007954,            0.007954,            0.007954
                  64,            0.058854,             0.04232,           0.0052197,             0.78089,             0.81111,             0.79585,             0.51902,            0.043844,            0.033846,           0.0031824,            0.007921,            0.007921,            0.007921
                  65,            0.054875,            0.036593,           0.0046484,             0.73341,             0.78367,              0.7656,             0.41162,            0.047035,            0.034475,           0.0032969,            0.007888,            0.007888,            0.007888
                  66,            0.058209,            0.040295,           0.0060808,             0.63532,             0.94169,             0.92183,             0.56253,            0.040306,            0.034557,           0.0034304,            0.007855,            0.007855,            0.007855
                  67,            0.057207,            0.035998,           0.0042702,             0.38338,             0.83333,             0.75721,             0.50659,            0.042391,            0.035901,           0.0037632,            0.007822,            0.007822,            0.007822
                  68,            0.058193,            0.039011,           0.0041929,              0.9297,             0.55556,             0.76981,             0.51447,            0.042979,            0.036362,           0.0041275,            0.007789,            0.007789,            0.007789
                  69,            0.055381,            0.039452,           0.0060211,             0.90693,             0.55127,             0.61251,             0.41528,            0.049753,            0.038376,           0.0047903,            0.007756,            0.007756,            0.007756
                  70,            0.055725,            0.044811,           0.0038287,             0.91961,             0.49694,             0.59896,             0.43206,            0.043786,            0.039518,           0.0046229,            0.007723,            0.007723,            0.007723
                  71,            0.052668,            0.036464,            0.004643,             0.81866,             0.44687,             0.60195,             0.45179,            0.048683,            0.038725,           0.0041909,             0.00769,             0.00769,             0.00769
                  72,            0.058643,            0.034416,           0.0048943,             0.95531,             0.48269,              0.7348,             0.57485,            0.046698,            0.038019,           0.0037618,            0.007657,            0.007657,            0.007657
                  73,            0.055017,            0.036637,           0.0037361,             0.90189,             0.51111,             0.74454,             0.58063,            0.043958,            0.036403,           0.0037727,            0.007624,            0.007624,            0.007624
                  74,            0.059672,            0.038052,            0.004387,             0.90403,             0.53333,             0.76216,             0.56191,            0.046107,            0.038099,           0.0041375,            0.007591,            0.007591,            0.007591
                  75,             0.05822,            0.036641,           0.0041852,             0.85513,             0.57828,             0.77406,             0.56366,            0.045705,            0.038382,           0.0042663,            0.007558,            0.007558,            0.007558
                  76,            0.055563,            0.039051,           0.0037374,             0.91139,             0.60459,             0.78232,             0.61047,            0.045057,            0.036873,           0.0044432,            0.007525,            0.007525,            0.007525
                  77,            0.055359,             0.03916,           0.0047468,              0.7365,             0.57778,             0.56008,             0.41303,            0.046434,            0.039608,           0.0046892,            0.007492,            0.007492,            0.007492
                  78,            0.054854,            0.035675,           0.0042856,             0.88014,             0.61701,             0.60331,             0.40882,            0.047309,            0.039531,           0.0050321,            0.007459,            0.007459,            0.007459
                  79,            0.056326,            0.037721,           0.0051884,             0.86135,             0.64444,             0.60046,             0.33394,            0.049705,            0.039621,            0.005106,            0.007426,            0.007426,            0.007426
                  80,            0.053931,            0.035938,           0.0044042,               0.861,              0.6259,             0.60126,             0.34464,            0.049678,            0.038374,           0.0046463,            0.007393,            0.007393,            0.007393
                  81,             0.05482,            0.039322,           0.0045652,             0.90028,             0.57778,             0.60161,              0.3547,            0.048238,            0.039586,           0.0050321,             0.00736,             0.00736,             0.00736
                  82,            0.052861,            0.037329,           0.0054755,             0.88444,             0.57778,             0.59888,             0.41793,            0.041796,            0.038725,           0.0038691,            0.007327,            0.007327,            0.007327
                  83,            0.052762,            0.040053,           0.0050231,             0.92965,             0.53333,             0.61407,              0.4576,            0.042732,            0.039332,           0.0035133,            0.007294,            0.007294,            0.007294
                  84,            0.054849,             0.04107,           0.0036119,             0.77826,             0.62222,             0.57714,             0.38169,             0.05031,            0.038029,           0.0031252,            0.007261,            0.007261,            0.007261
                  85,            0.054877,            0.036434,           0.0039927,             0.89494,             0.62222,             0.83853,             0.59725,            0.038142,            0.034217,           0.0029979,            0.007228,            0.007228,            0.007228
                  86,            0.051595,             0.03458,           0.0032009,             0.64841,             0.83333,             0.89007,             0.64648,            0.041947,            0.031806,           0.0027595,            0.007195,            0.007195,            0.007195
                  87,            0.059299,            0.043124,           0.0033817,             0.46846,             0.83333,             0.83181,             0.61155,            0.036448,            0.033462,           0.0027847,            0.007162,            0.007162,            0.007162
                  88,            0.054611,            0.036924,           0.0037928,             0.96392,             0.55556,             0.64253,             0.42222,            0.036237,            0.034704,            0.003068,            0.007129,            0.007129,            0.007129
                  89,            0.053115,            0.038336,           0.0035942,             0.94446,              0.5769,             0.76942,             0.54936,            0.036275,            0.032702,            0.002789,            0.007096,            0.007096,            0.007096
                  90,            0.051316,            0.036081,           0.0034478,             0.94431,             0.64444,             0.75974,             0.57259,            0.035483,            0.031807,           0.0024157,            0.007063,            0.007063,            0.007063
                  91,            0.055549,            0.036167,           0.0034632,             0.93177,              0.6352,             0.76179,             0.56527,            0.039157,            0.031275,           0.0020163,             0.00703,             0.00703,             0.00703
                  92,             0.05226,              0.0411,           0.0043193,             0.92683,              0.6435,              0.8346,             0.58003,            0.037511,             0.03153,           0.0020189,            0.006997,            0.006997,            0.006997
                  93,            0.053793,            0.037576,           0.0034205,             0.56155,             0.83333,             0.91248,             0.71245,            0.040656,            0.029879,           0.0021439,            0.006964,            0.006964,            0.006964
                  94,            0.051154,             0.03792,           0.0033027,             0.68741,                   1,             0.95817,             0.71723,            0.039503,            0.028335,           0.0023115,            0.006931,            0.006931,            0.006931
                  95,            0.053348,            0.036494,           0.0031197,             0.53274,                   1,             0.96677,             0.68063,            0.041603,            0.030396,           0.0028853,            0.006898,            0.006898,            0.006898
                  96,            0.052924,             0.03799,           0.0038458,             0.96612,             0.66667,             0.89094,             0.56753,            0.042442,             0.03199,           0.0033498,            0.006865,            0.006865,            0.006865
                  97,            0.054791,            0.034429,           0.0038501,             0.96459,             0.66667,              0.6537,             0.50218,            0.040929,            0.034712,           0.0042572,            0.006832,            0.006832,            0.006832
                  98,            0.051527,             0.03465,           0.0041349,             0.95739,             0.66667,              0.6465,             0.49496,            0.036831,            0.035589,           0.0048361,            0.006799,            0.006799,            0.006799
                  99,            0.050738,            0.038366,           0.0033219,             0.95293,             0.65474,             0.65128,             0.44457,            0.042235,            0.034814,            0.004528,            0.006766,            0.006766,            0.006766
                 100,            0.054466,            0.035631,           0.0035663,             0.93092,             0.66262,             0.80636,              0.5951,            0.037837,            0.031691,            0.004077,            0.006733,            0.006733,            0.006733
                 101,            0.052438,            0.038268,           0.0046055,             0.92069,             0.64444,             0.80359,             0.50398,            0.035898,            0.030375,           0.0034037,              0.0067,              0.0067,              0.0067
                 102,            0.051768,            0.037066,            0.003528,             0.56899,             0.83333,             0.79121,             0.54663,            0.036846,            0.031578,             0.00314,            0.006667,            0.006667,            0.006667
                 103,            0.052583,            0.035526,           0.0039687,             0.59366,             0.83333,             0.82748,             0.65266,            0.039478,            0.031133,           0.0028954,            0.006634,            0.006634,            0.006634
                 104,            0.051524,             0.03586,            0.003045,             0.94925,             0.64444,              0.8095,             0.62869,             0.04494,            0.031869,            0.002914,            0.006601,            0.006601,            0.006601
                 105,            0.053469,            0.033731,           0.0044118,             0.90692,             0.64444,             0.80296,             0.56551,            0.047732,            0.034546,           0.0030937,            0.006568,            0.006568,            0.006568
                 106,            0.049021,            0.038624,           0.0024968,             0.94072,             0.65749,             0.72461,             0.56113,            0.035825,            0.033857,           0.0032687,            0.006535,            0.006535,            0.006535
                 107,            0.051968,            0.036616,           0.0026534,             0.59811,             0.83333,             0.80308,             0.60799,            0.042837,            0.034214,           0.0029659,            0.006502,            0.006502,            0.006502
                 108,            0.050558,            0.032664,           0.0027785,             0.61016,             0.83333,             0.92437,             0.64851,            0.038543,            0.032903,           0.0025773,            0.006469,            0.006469,            0.006469
                 109,            0.051107,            0.032659,           0.0033552,             0.92016,             0.64444,             0.81656,             0.56066,            0.040268,            0.033418,           0.0025234,            0.006436,            0.006436,            0.006436
                 110,            0.049278,            0.032093,            0.002955,             0.93337,             0.66667,             0.81751,             0.62611,            0.044789,            0.033125,           0.0024612,            0.006403,            0.006403,            0.006403
                 111,            0.048534,            0.030612,           0.0030447,             0.96753,             0.66432,             0.64999,             0.52685,             0.03909,            0.034511,           0.0030172,             0.00637,             0.00637,             0.00637
                 112,            0.052911,            0.034146,           0.0024113,             0.96402,             0.66667,             0.64849,             0.46579,            0.037934,            0.035351,           0.0031312,            0.006337,            0.006337,            0.006337
                 113,            0.049667,            0.030904,           0.0036933,             0.96883,             0.66178,             0.65109,             0.48312,             0.03666,            0.034797,           0.0028749,            0.006304,            0.006304,            0.006304
                 114,            0.052164,            0.030104,           0.0027846,              0.9633,             0.64444,             0.68297,             0.49126,            0.043323,            0.033705,           0.0026817,            0.006271,            0.006271,            0.006271
                 115,            0.048788,            0.032477,           0.0030391,             0.93985,             0.64444,             0.80476,             0.60792,            0.041002,            0.032887,            0.002501,            0.006238,            0.006238,            0.006238
                 116,            0.049589,            0.035201,           0.0031576,             0.96489,             0.64444,             0.80927,             0.62939,            0.039067,            0.031717,           0.0024867,            0.006205,            0.006205,            0.006205
                 117,            0.049961,              0.0332,           0.0028743,             0.76481,             0.64444,             0.68858,             0.44476,            0.040261,            0.032432,           0.0024695,            0.006172,            0.006172,            0.006172
                 118,            0.050372,             0.03445,           0.0027701,             0.96912,             0.63663,             0.81173,             0.64833,            0.041303,            0.030814,           0.0025792,            0.006139,            0.006139,            0.006139
                 119,            0.049341,            0.031794,           0.0024652,             0.97191,             0.65891,             0.81532,             0.60025,            0.040666,             0.03041,           0.0027428,            0.006106,            0.006106,            0.006106
                 120,            0.053209,            0.034895,           0.0030659,             0.96822,             0.64444,             0.80943,             0.66249,             0.03523,            0.030475,           0.0030031,            0.006073,            0.006073,            0.006073
                 121,            0.050256,            0.031848,           0.0033376,             0.97133,             0.65944,             0.81571,             0.65059,            0.035953,            0.030443,           0.0029683,             0.00604,             0.00604,             0.00604
                 122,            0.051906,            0.036199,           0.0046265,               0.973,             0.65562,             0.70511,             0.59397,            0.035379,            0.030258,           0.0031319,            0.006007,            0.006007,            0.006007
                 123,            0.051443,            0.038318,           0.0029699,             0.97351,              0.6406,              0.6713,             0.55035,            0.035671,            0.031291,           0.0032878,            0.005974,            0.005974,            0.005974
                 124,            0.048225,            0.033763,           0.0026743,              0.9653,             0.64444,             0.65609,             0.50819,            0.037276,            0.032797,           0.0036359,            0.005941,            0.005941,            0.005941
                 125,            0.050625,            0.036862,           0.0026165,             0.96486,             0.64444,             0.65783,             0.54452,            0.037146,            0.032912,           0.0036469,            0.005908,            0.005908,            0.005908
                 126,            0.047412,            0.035213,           0.0029685,             0.96846,             0.64444,              0.6869,              0.5324,            0.034119,            0.032192,           0.0035181,            0.005875,            0.005875,            0.005875
                 127,            0.047928,            0.033649,           0.0022427,             0.95381,             0.62222,             0.64965,             0.49597,            0.037635,            0.033645,           0.0034568,            0.005842,            0.005842,            0.005842
                 128,             0.04836,            0.035582,           0.0029052,             0.95965,             0.62222,             0.80776,             0.64111,            0.037914,            0.031205,           0.0026109,            0.005809,            0.005809,            0.005809
                 129,            0.048454,            0.034485,           0.0041649,             0.71312,             0.96695,             0.96672,             0.70536,            0.037686,            0.027538,           0.0018389,            0.005776,            0.005776,            0.005776
                 130,            0.044563,            0.033622,           0.0025783,             0.71784,             0.99662,             0.96929,             0.62311,            0.042225,            0.026485,           0.0015557,            0.005743,            0.005743,            0.005743
                 131,            0.048271,            0.035515,           0.0027989,             0.70043,                   1,             0.96679,             0.71599,            0.039804,             0.02665,           0.0015655,             0.00571,             0.00571,             0.00571
                 132,            0.047447,             0.03116,           0.0030812,             0.69723,             0.93132,             0.96886,             0.64753,            0.036952,            0.029123,           0.0018225,            0.005677,            0.005677,            0.005677
                 133,            0.050222,            0.031903,           0.0023675,             0.94517,             0.62222,             0.71974,             0.56753,            0.038814,            0.033881,           0.0026765,            0.005644,            0.005644,            0.005644
                 134,             0.04827,            0.033119,           0.0030416,             0.93878,             0.62222,             0.62734,             0.47279,            0.040515,            0.036538,           0.0038848,            0.005611,            0.005611,            0.005611
                 135,            0.052376,             0.03848,           0.0024602,             0.91399,             0.64444,             0.63128,             0.50834,            0.036231,            0.037061,           0.0046539,            0.005578,            0.005578,            0.005578
                 136,            0.045306,            0.035582,           0.0023769,             0.93542,             0.64444,             0.63283,             0.47827,            0.037714,            0.037641,           0.0049338,            0.005545,            0.005545,            0.005545
                 137,            0.046876,            0.034457,           0.0036116,             0.92625,             0.64444,             0.63689,             0.52395,            0.035485,            0.036557,           0.0049233,            0.005512,            0.005512,            0.005512
                 138,            0.043928,            0.034228,           0.0031726,             0.95087,             0.64444,             0.64234,             0.51115,            0.035151,            0.036919,           0.0044308,            0.005479,            0.005479,            0.005479
                 139,             0.04856,            0.033971,           0.0026163,             0.92955,             0.65571,             0.64762,             0.49603,            0.038103,            0.036039,            0.003952,            0.005446,            0.005446,            0.005446
                 140,            0.045639,            0.033375,           0.0050981,              0.9146,             0.66667,             0.81286,             0.59081,            0.035357,            0.034722,           0.0032153,            0.005413,            0.005413,            0.005413
                 141,            0.049446,            0.034035,            0.002192,             0.91894,             0.64586,             0.81218,              0.6271,               0.035,            0.032608,           0.0027227,             0.00538,             0.00538,             0.00538
                 142,            0.044629,            0.032353,           0.0027088,             0.94875,             0.66667,             0.81656,             0.54368,              0.0407,            0.032146,           0.0024951,            0.005347,            0.005347,            0.005347
                 143,            0.051167,            0.035639,            0.002294,             0.58928,             0.83333,             0.81787,             0.62196,            0.036217,            0.030056,           0.0020556,            0.005314,            0.005314,            0.005314
                 144,            0.050682,            0.032763,           0.0025387,             0.94286,             0.66667,              0.8115,             0.60367,            0.030437,            0.031521,            0.002512,            0.005281,            0.005281,            0.005281
                 145,            0.047824,            0.036375,           0.0024142,             0.93302,             0.66667,             0.80809,             0.60507,            0.033302,            0.032172,           0.0025606,            0.005248,            0.005248,            0.005248
                 146,            0.046885,            0.033603,           0.0021822,             0.93252,             0.66667,             0.80506,             0.62569,            0.030495,            0.032936,           0.0028472,            0.005215,            0.005215,            0.005215
                 147,            0.045784,            0.035201,           0.0027099,             0.95043,             0.66667,             0.81607,             0.63556,            0.032791,            0.031507,           0.0026455,            0.005182,            0.005182,            0.005182
                 148,            0.046346,            0.034459,           0.0024558,             0.93842,             0.66667,             0.81164,             0.63861,            0.033928,            0.031468,            0.002605,            0.005149,            0.005149,            0.005149
                 149,            0.047948,             0.03181,           0.0028864,             0.91688,             0.64444,             0.80833,              0.5877,            0.038048,            0.030757,           0.0022941,            0.005116,            0.005116,            0.005116
                 150,            0.047682,            0.032531,           0.0021451,             0.69093,             0.83333,             0.85631,             0.50834,            0.042277,            0.029236,           0.0019174,            0.005083,            0.005083,            0.005083
                 151,            0.048192,            0.033459,           0.0031691,             0.71708,             0.92593,             0.97357,             0.67777,             0.03682,            0.027736,            0.001528,             0.00505,             0.00505,             0.00505
                 152,            0.050041,            0.037073,           0.0022325,             0.68463,             0.83333,             0.82177,             0.64105,            0.037719,            0.028869,           0.0015163,            0.005017,            0.005017,            0.005017
                 153,            0.046196,            0.030953,           0.0020641,             0.95053,             0.65034,             0.81704,             0.60448,            0.038851,            0.030825,           0.0016832,            0.004984,            0.004984,            0.004984
                 154,            0.043865,            0.029723,           0.0018638,             0.94853,             0.66506,             0.81251,             0.66324,            0.036395,            0.031888,           0.0016961,            0.004951,            0.004951,            0.004951
                 155,            0.045295,            0.030474,           0.0019574,             0.93384,             0.64444,             0.64504,             0.52004,            0.031239,            0.034014,           0.0020504,            0.004918,            0.004918,            0.004918
                 156,            0.049332,            0.036093,           0.0022182,             0.95163,             0.66667,              0.6716,             0.53637,            0.034933,            0.034176,           0.0019972,            0.004885,            0.004885,            0.004885
                 157,            0.050449,            0.033874,           0.0019659,             0.95348,             0.66667,             0.81443,             0.63211,            0.038471,             0.03278,           0.0018222,            0.004852,            0.004852,            0.004852
                 158,             0.04627,            0.032758,           0.0028837,             0.95204,             0.66667,             0.81622,             0.61391,            0.034071,            0.031947,            0.001637,            0.004819,            0.004819,            0.004819
                 159,            0.049573,            0.033309,           0.0019535,             0.96686,             0.66667,             0.81741,             0.59355,            0.034808,            0.033783,           0.0017719,            0.004786,            0.004786,            0.004786
                 160,            0.048258,            0.033806,           0.0027294,             0.96761,             0.66667,             0.81571,             0.60312,             0.03549,            0.033468,            0.001833,            0.004753,            0.004753,            0.004753
                 161,            0.045238,            0.031085,           0.0016851,             0.96661,             0.66667,             0.81762,             0.60687,            0.036613,            0.032225,           0.0017982,             0.00472,             0.00472,             0.00472
                 162,            0.046568,            0.033527,           0.0020088,             0.96292,             0.66667,             0.81664,             0.65658,            0.034848,            0.032687,           0.0019786,            0.004687,            0.004687,            0.004687
                 163,            0.049075,            0.032161,           0.0020466,             0.95882,             0.66667,             0.81155,              0.6572,            0.035483,            0.031148,            0.002183,            0.004654,            0.004654,            0.004654
                 164,            0.046121,            0.035072,           0.0015799,             0.96758,             0.66667,             0.81165,             0.67113,            0.034571,            0.030907,           0.0024533,            0.004621,            0.004621,            0.004621
                 165,            0.044963,            0.031825,           0.0023617,             0.97521,             0.65563,             0.81643,             0.62473,            0.038038,            0.030437,           0.0023978,            0.004588,            0.004588,            0.004588
                 166,            0.047059,            0.032774,           0.0021096,             0.96353,             0.62588,              0.8149,             0.63204,            0.034218,            0.029883,           0.0025055,            0.004555,            0.004555,            0.004555
                 167,            0.048248,            0.031258,           0.0024099,             0.75891,             0.83333,             0.82221,             0.62009,            0.034105,            0.027136,           0.0020165,            0.004522,            0.004522,            0.004522
                 168,             0.05029,            0.031788,           0.0024642,             0.80825,             0.83333,             0.92424,             0.63896,            0.032737,            0.025925,           0.0018563,            0.004489,            0.004489,            0.004489
                 169,            0.043887,            0.032618,           0.0026955,             0.84461,             0.84847,             0.97979,             0.64958,            0.034638,            0.026913,           0.0017593,            0.004456,            0.004456,            0.004456
                 170,            0.045385,             0.03302,            0.002271,             0.83605,             0.84981,             0.97979,             0.71223,             0.03461,            0.026864,            0.001806,            0.004423,            0.004423,            0.004423
                 171,            0.045652,            0.034231,           0.0030452,             0.78884,             0.83333,              0.8487,             0.63301,             0.03442,            0.027385,           0.0018044,             0.00439,             0.00439,             0.00439
                 172,             0.04642,            0.029791,           0.0027581,             0.72104,             0.83333,             0.81694,             0.64692,            0.032678,            0.027691,           0.0019515,            0.004357,            0.004357,            0.004357
                 173,            0.043452,            0.032035,           0.0028593,              0.7084,             0.83333,             0.81359,             0.63015,            0.033129,            0.028779,           0.0020525,            0.004324,            0.004324,            0.004324
                 174,            0.043079,            0.030478,           0.0050034,              0.7212,             0.83333,             0.81867,             0.65283,            0.033583,            0.028673,           0.0022218,            0.004291,            0.004291,            0.004291
                 175,            0.045302,            0.034412,           0.0022947,             0.70241,             0.83333,              0.8128,             0.67438,            0.032252,            0.027924,           0.0022614,            0.004258,            0.004258,            0.004258
                 176,            0.044552,            0.032238,           0.0017235,              0.7494,             0.83333,             0.81681,             0.67565,            0.033318,              0.0272,           0.0022123,            0.004225,            0.004225,            0.004225
                 177,             0.04427,             0.03092,           0.0019735,             0.85467,             0.83333,             0.82085,               0.676,            0.033307,            0.027729,           0.0021734,            0.004192,            0.004192,            0.004192
                 178,            0.046382,            0.034811,           0.0025316,             0.71623,             0.83333,             0.81549,             0.64133,            0.035624,            0.029503,           0.0023043,            0.004159,            0.004159,            0.004159
                 179,            0.041582,            0.032079,           0.0023043,             0.70244,             0.83333,             0.81365,             0.65867,            0.035736,            0.029817,           0.0022886,            0.004126,            0.004126,            0.004126
                 180,            0.045593,            0.029554,           0.0017701,             0.70505,             0.83333,             0.81241,             0.65247,            0.033164,            0.029372,           0.0021853,            0.004093,            0.004093,            0.004093
                 181,            0.047881,             0.02934,           0.0022348,             0.71219,             0.83333,             0.81238,             0.67579,            0.033099,            0.028839,           0.0020518,             0.00406,             0.00406,             0.00406
                 182,            0.042585,            0.031886,           0.0021485,             0.73677,             0.83333,             0.81236,             0.62328,             0.03265,            0.028944,           0.0019565,            0.004027,            0.004027,            0.004027
                 183,            0.046005,            0.033424,           0.0020871,             0.91045,             0.83333,             0.92367,             0.64239,            0.033872,            0.027508,           0.0014725,            0.003994,            0.003994,            0.003994
                 184,            0.044042,            0.027817,           0.0020383,             0.90754,             0.85168,             0.98089,             0.72967,            0.033058,            0.027585,           0.0012627,            0.003961,            0.003961,            0.003961
                 185,             0.04704,            0.034995,           0.0020366,             0.88341,             0.86876,             0.98024,             0.65866,            0.032865,            0.026999,           0.0011792,            0.003928,            0.003928,            0.003928
                 186,            0.044775,            0.027065,           0.0022133,             0.87089,             0.88636,             0.98135,             0.74327,             0.02937,            0.025417,           0.0010991,            0.003895,            0.003895,            0.003895
                 187,            0.045241,            0.034544,           0.0022779,             0.88196,             0.88458,             0.98135,             0.72411,            0.032382,            0.025978,           0.0010263,            0.003862,            0.003862,            0.003862
                 188,            0.044126,             0.03035,           0.0015596,             0.90634,             0.85268,             0.97992,             0.61916,            0.033511,            0.026151,          0.00098407,            0.003829,            0.003829,            0.003829
                 189,            0.042961,            0.033462,           0.0016459,             0.91873,             0.86784,             0.97923,             0.60956,            0.030848,            0.025692,          0.00093579,            0.003796,            0.003796,            0.003796
                 190,            0.043712,            0.028781,           0.0016004,             0.92119,             0.86914,             0.97967,             0.70422,            0.035652,            0.024795,          0.00093055,            0.003763,            0.003763,            0.003763
                 191,            0.045325,            0.029916,           0.0015972,             0.91553,              0.8511,             0.97967,             0.73439,            0.029191,            0.025481,           0.0010419,             0.00373,             0.00373,             0.00373
                 192,            0.042931,            0.030501,           0.0015722,             0.72404,             0.83333,             0.82789,             0.64827,            0.029933,            0.027094,           0.0011674,            0.003697,            0.003697,            0.003697
                 193,            0.044202,            0.032087,           0.0017445,             0.68488,             0.83333,              0.8261,             0.61581,            0.032991,            0.028356,           0.0012197,            0.003664,            0.003664,            0.003664
                 194,            0.042307,            0.030301,           0.0014674,             0.97334,             0.65924,             0.82147,             0.62789,             0.03831,            0.028804,           0.0013784,            0.003631,            0.003631,            0.003631
                 195,            0.044494,            0.032925,            0.003194,             0.97477,             0.65874,             0.82446,             0.65815,            0.029732,             0.03069,           0.0015664,            0.003598,            0.003598,            0.003598
                 196,            0.042267,            0.028119,           0.0014308,             0.97525,             0.66417,               0.823,              0.5766,            0.032888,            0.030949,           0.0015552,            0.003565,            0.003565,            0.003565
                 197,            0.044279,            0.032403,           0.0021241,             0.96799,             0.66667,             0.82027,             0.64969,            0.028649,            0.029445,           0.0014153,            0.003532,            0.003532,            0.003532
                 198,            0.041016,            0.030293,            0.001853,             0.95459,             0.66667,             0.82155,             0.66053,            0.028071,            0.029727,           0.0014329,            0.003499,            0.003499,            0.003499
                 199,            0.043736,            0.029101,           0.0016172,             0.95436,             0.66667,             0.82032,             0.66484,            0.029621,            0.029833,           0.0014961,            0.003466,            0.003466,            0.003466
                 200,            0.042986,            0.029247,           0.0015924,             0.95416,             0.66667,             0.81873,             0.64056,             0.02839,            0.029214,           0.0014155,            0.003433,            0.003433,            0.003433
                 201,            0.042494,            0.033056,           0.0017886,             0.65572,             0.83333,             0.82656,             0.64612,             0.03052,            0.028542,           0.0012758,              0.0034,              0.0034,              0.0034
                 202,            0.041657,            0.029554,           0.0013956,             0.67717,             0.83333,             0.82843,             0.62118,            0.032544,            0.028661,           0.0012386,            0.003367,            0.003367,            0.003367
                 203,             0.04334,            0.030105,           0.0014755,             0.65892,             0.83333,             0.82239,             0.62081,            0.029179,            0.027769,           0.0012486,            0.003334,            0.003334,            0.003334
                 204,            0.042125,            0.031085,           0.0014523,             0.62406,             0.83333,             0.82042,             0.66443,            0.033977,            0.029009,           0.0013194,            0.003301,            0.003301,            0.003301
                 205,            0.043996,            0.034761,           0.0018926,              0.9551,             0.66203,             0.82082,             0.68122,            0.030835,            0.029745,           0.0013382,            0.003268,            0.003268,            0.003268
                 206,            0.044726,            0.031352,           0.0015076,             0.95189,             0.66201,             0.82211,             0.69272,            0.029923,            0.029403,            0.001369,            0.003235,            0.003235,            0.003235
                 207,            0.042255,            0.028733,           0.0017897,             0.95711,             0.66403,             0.82066,             0.65037,            0.032512,            0.030948,           0.0014286,            0.003202,            0.003202,            0.003202
                 208,            0.042892,            0.027303,           0.0016664,             0.95552,             0.65195,             0.82204,             0.66847,            0.029577,            0.031112,            0.001425,            0.003169,            0.003169,            0.003169
                 209,            0.043304,            0.029745,           0.0015345,             0.95427,             0.65481,             0.65947,             0.55206,            0.032513,             0.03254,           0.0016665,            0.003136,            0.003136,            0.003136
                 210,            0.041818,            0.030465,           0.0015066,             0.95899,             0.66082,             0.65393,             0.53744,            0.027431,            0.032986,           0.0018849,            0.003103,            0.003103,            0.003103
                 211,            0.045541,            0.033682,           0.0029823,              0.9511,              0.6409,              0.6524,             0.53697,            0.029146,            0.032476,           0.0019639,             0.00307,             0.00307,             0.00307
                 212,               0.042,            0.029209,           0.0023924,             0.95119,             0.63338,             0.89316,             0.69687,            0.026599,            0.028548,           0.0012925,            0.003037,            0.003037,            0.003037
                 213,            0.044886,            0.031956,           0.0018417,             0.69263,             0.97315,             0.97689,              0.7254,            0.030227,             0.02605,           0.0011654,            0.003004,            0.003004,            0.003004
                 214,            0.040942,            0.030138,           0.0015398,             0.69328,             0.98189,             0.97917,             0.70272,            0.030716,            0.025949,            0.001148,            0.002971,            0.002971,            0.002971
                 215,            0.043304,            0.027282,           0.0019849,             0.69528,              0.9339,             0.97829,             0.71672,            0.031289,            0.027883,           0.0012698,            0.002938,            0.002938,            0.002938
                 216,            0.042577,            0.027019,           0.0016897,             0.95715,             0.59934,             0.97073,             0.74265,             0.02867,            0.029466,           0.0014117,            0.002905,            0.002905,            0.002905
                 217,             0.04333,            0.030632,           0.0018048,              0.9711,             0.62117,              0.8305,             0.65097,            0.030074,             0.02907,           0.0014431,            0.002872,            0.002872,            0.002872
                 218,            0.043154,            0.029808,           0.0015467,             0.62612,             0.83333,             0.85456,             0.63868,            0.032208,            0.028274,           0.0014257,            0.002839,            0.002839,            0.002839
                 219,            0.043207,            0.030134,           0.0013947,             0.61757,             0.83333,             0.82331,             0.63743,            0.032267,            0.028184,           0.0013738,            0.002806,            0.002806,            0.002806
                 220,            0.040919,             0.03137,            0.001353,             0.97377,             0.63825,             0.82062,             0.65195,            0.031143,            0.029229,           0.0014091,            0.002773,            0.002773,            0.002773
                 221,            0.041913,            0.027879,           0.0018045,             0.96507,             0.62222,             0.81632,             0.63449,            0.033498,            0.029218,           0.0013874,             0.00274,             0.00274,             0.00274
                 222,            0.040386,            0.030311,           0.0017079,             0.96554,             0.62222,             0.81632,             0.66721,            0.033069,             0.02917,           0.0014083,            0.002707,            0.002707,            0.002707
                 223,            0.041131,            0.030012,           0.0019815,             0.97224,             0.63449,             0.81922,             0.66537,            0.031176,            0.028491,           0.0014153,            0.002674,            0.002674,            0.002674
                 224,             0.04261,            0.029112,           0.0017593,             0.95491,             0.62222,             0.81419,             0.62874,             0.03232,            0.029336,           0.0013993,            0.002641,            0.002641,            0.002641
                 225,            0.044762,            0.029873,           0.0014052,             0.95047,             0.62222,             0.81449,             0.64991,            0.032684,            0.030348,           0.0014062,            0.002608,            0.002608,            0.002608
                 226,            0.042547,            0.031592,           0.0018437,             0.95279,             0.64444,             0.81711,             0.64405,            0.033584,            0.031125,           0.0014062,            0.002575,            0.002575,            0.002575
                 227,            0.043115,            0.032417,           0.0015927,             0.94885,             0.64444,             0.81891,             0.66501,            0.031248,            0.030483,           0.0012891,            0.002542,            0.002542,            0.002542
                 228,            0.042514,            0.031782,           0.0014695,              0.9479,             0.64444,             0.81874,             0.67092,            0.031665,            0.030345,           0.0012357,            0.002509,            0.002509,            0.002509
                 229,            0.044392,            0.032858,           0.0017065,             0.95092,             0.64444,             0.81874,             0.65136,            0.031864,            0.030459,           0.0012031,            0.002476,            0.002476,            0.002476
                 230,            0.042395,            0.028914,          0.00095493,             0.95797,             0.64444,             0.81946,             0.64318,            0.033068,            0.030174,           0.0011148,            0.002443,            0.002443,            0.002443
                 231,            0.042447,            0.029072,           0.0017504,             0.96482,             0.64444,             0.82269,             0.65889,            0.033311,            0.030526,           0.0010765,             0.00241,             0.00241,             0.00241
                 232,            0.045239,            0.030548,           0.0012746,             0.95599,             0.64444,             0.81883,             0.62166,            0.032422,             0.02996,           0.0010138,            0.002377,            0.002377,            0.002377
                 233,            0.041619,            0.029279,           0.0016056,             0.97461,             0.66487,             0.82167,             0.61862,            0.034232,            0.029851,           0.0010058,            0.002344,            0.002344,            0.002344
                 234,             0.03917,            0.028589,           0.0012022,             0.95688,             0.64444,             0.82155,             0.62672,            0.031762,            0.029052,          0.00090504,            0.002311,            0.002311,            0.002311
                 235,            0.042963,            0.030881,           0.0016654,             0.65277,             0.83333,             0.82308,             0.62911,            0.031732,            0.027216,          0.00072777,            0.002278,            0.002278,            0.002278
                 236,            0.041797,            0.029243,           0.0012139,             0.70154,             0.96751,             0.98665,             0.65477,            0.031976,            0.027005,          0.00068986,            0.002245,            0.002245,            0.002245
                 237,            0.040751,            0.026158,           0.0013948,             0.70392,             0.97679,             0.98665,             0.71301,            0.032012,            0.026234,          0.00065351,            0.002212,            0.002212,            0.002212
                 238,            0.039147,            0.028706,           0.0013272,             0.70521,             0.98141,             0.98514,             0.71452,            0.035931,            0.026173,          0.00063479,            0.002179,            0.002179,            0.002179
                 239,            0.039837,            0.025468,           0.0013291,             0.70612,             0.98057,             0.98565,             0.70715,            0.036841,            0.026792,           0.0006634,            0.002146,            0.002146,            0.002146
                 240,            0.042434,            0.031454,           0.0017519,             0.71013,             0.97693,             0.98722,             0.70086,            0.032826,            0.025893,          0.00068617,            0.002113,            0.002113,            0.002113
                 241,            0.040372,            0.027437,           0.0011905,             0.72118,             0.98568,             0.98722,             0.68068,            0.032573,            0.024784,           0.0006851,             0.00208,             0.00208,             0.00208
                 242,            0.042044,            0.028553,           0.0016107,             0.73331,             0.98219,             0.98722,             0.68957,            0.031088,             0.02372,           0.0007199,            0.002047,            0.002047,            0.002047
                 243,            0.040475,             0.02996,           0.0011074,             0.73479,             0.99061,             0.98567,             0.69823,            0.034449,            0.023359,          0.00073731,            0.002014,            0.002014,            0.002014
                 244,            0.042785,            0.029911,            0.001557,              0.8698,             0.85825,             0.98567,             0.72469,            0.033691,            0.023015,          0.00073969,            0.001981,            0.001981,            0.001981
                 245,            0.040336,            0.026221,           0.0012159,             0.87579,             0.86777,              0.9882,             0.70992,            0.035296,            0.022842,          0.00075877,            0.001948,            0.001948,            0.001948
                 246,            0.041028,            0.024698,           0.0010747,             0.88059,             0.89526,             0.98958,             0.73563,             0.03379,            0.022118,           0.0007509,            0.001915,            0.001915,            0.001915
                 247,            0.040589,            0.026644,           0.0015714,             0.89079,             0.90253,             0.98665,             0.72461,            0.036962,            0.021501,          0.00074029,            0.001882,            0.001882,            0.001882
                 248,            0.041097,            0.027484,           0.0015972,             0.90924,             0.89348,             0.98509,               0.741,            0.036215,            0.021594,          0.00072336,            0.001849,            0.001849,            0.001849
                 249,            0.041079,            0.030225,            0.001331,             0.90248,             0.88722,             0.98509,             0.73334,            0.035879,            0.021896,          0.00070798,            0.001816,            0.001816,            0.001816
                 250,            0.042938,            0.027837,           0.0012252,             0.89897,             0.87172,             0.98509,             0.70939,            0.036775,             0.02253,          0.00070393,            0.001783,            0.001783,            0.001783
                 251,            0.042357,                0.03,           0.0014776,              0.8692,             0.85194,             0.98232,             0.73331,            0.035972,            0.023335,           0.0007205,             0.00175,             0.00175,             0.00175
                 252,            0.042164,            0.032514,           0.0018007,             0.86209,             0.85047,             0.98376,             0.70531,            0.036128,            0.023946,          0.00074995,            0.001717,            0.001717,            0.001717
                 253,            0.041112,            0.027769,           0.0011055,             0.71447,             0.98045,             0.98542,             0.72887,            0.033705,            0.024476,          0.00079882,            0.001684,            0.001684,            0.001684
                 254,            0.041095,            0.026411,           0.0010058,             0.71427,             0.97617,             0.98542,             0.71843,            0.034898,            0.025135,          0.00083792,            0.001651,            0.001651,            0.001651
                 255,            0.041242,             0.02721,           0.0013382,             0.72516,             0.83333,             0.90208,             0.69376,            0.030561,            0.025398,          0.00090015,            0.001618,            0.001618,            0.001618
                 256,            0.042359,            0.028937,           0.0012117,             0.68864,             0.83333,             0.81844,             0.67387,            0.031218,            0.026128,          0.00096989,            0.001585,            0.001585,            0.001585
                 257,             0.04252,            0.027016,            0.001525,             0.66299,             0.83333,             0.81635,             0.66258,             0.03192,            0.027414,           0.0010617,            0.001552,            0.001552,            0.001552
                 258,            0.039848,            0.027819,           0.0012822,             0.92161,             0.66667,             0.81454,             0.64238,            0.034805,             0.02857,           0.0011518,            0.001519,            0.001519,            0.001519
                 259,            0.038175,            0.028095,           0.0014167,             0.92135,             0.63895,             0.80802,             0.67309,            0.036571,             0.02957,           0.0011868,            0.001486,            0.001486,            0.001486
                 260,            0.039456,            0.026128,           0.0010565,             0.91467,             0.62222,             0.80265,             0.67561,            0.034654,            0.030004,           0.0011394,            0.001453,            0.001453,            0.001453
                 261,              0.0381,            0.025868,            0.001072,              0.6209,             0.83333,             0.80212,             0.64976,            0.033469,            0.028378,           0.0010374,             0.00142,             0.00142,             0.00142
                 262,            0.041789,            0.026287,           0.0015648,             0.63616,             0.83333,             0.88592,             0.64415,            0.035191,            0.027777,          0.00098109,            0.001387,            0.001387,            0.001387
                 263,            0.043369,            0.029351,           0.0032579,             0.66799,             0.83333,             0.91802,             0.68844,            0.033988,            0.026783,          0.00091767,            0.001354,            0.001354,            0.001354
                 264,            0.040295,            0.028501,           0.0011183,             0.70001,             0.95641,             0.97695,             0.70737,            0.031758,            0.025971,          0.00087702,            0.001321,            0.001321,            0.001321
                 265,            0.038109,            0.027534,           0.0011769,              0.6995,             0.95965,             0.97695,             0.68716,            0.033443,            0.025928,          0.00084126,            0.001288,            0.001288,            0.001288
                 266,            0.037965,            0.025922,           0.0011638,             0.69699,             0.95057,             0.97976,             0.75416,            0.032662,            0.026256,          0.00087488,            0.001255,            0.001255,            0.001255
                 267,            0.041331,            0.030334,           0.0011801,             0.69622,             0.93651,             0.98311,             0.75829,            0.033013,            0.026847,          0.00090051,            0.001222,            0.001222,            0.001222
                 268,            0.039227,            0.027713,           0.0011847,             0.69542,             0.92215,             0.98329,             0.75918,            0.032184,            0.026981,           0.0009141,            0.001189,            0.001189,            0.001189
                 269,            0.038358,            0.029146,           0.0016073,             0.69291,             0.91273,             0.98264,              0.7005,            0.033123,             0.02699,          0.00092864,            0.001156,            0.001156,            0.001156
                 270,            0.040373,            0.029259,            0.001138,             0.62045,             0.83333,             0.92594,             0.67687,            0.033743,            0.027267,          0.00095606,            0.001123,            0.001123,            0.001123
                 271,             0.03786,            0.027275,           0.0010484,             0.70085,             0.94322,             0.97944,             0.70475,            0.032951,            0.026613,          0.00094032,             0.00109,             0.00109,             0.00109
                 272,             0.04076,            0.029069,           0.0010788,             0.64718,             0.83333,             0.89767,             0.68153,             0.03327,            0.026954,          0.00096846,            0.001057,            0.001057,            0.001057
                 273,            0.041838,            0.029039,           0.0016526,              0.6261,             0.83333,             0.82883,             0.64395,            0.033307,            0.027392,           0.0010099,            0.001024,            0.001024,            0.001024
                 274,            0.037836,            0.024866,           0.0010248,             0.96663,             0.64444,             0.82414,             0.65491,            0.034135,            0.027832,           0.0010692,            0.000991,            0.000991,            0.000991
                 275,             0.03785,            0.027533,          0.00087576,             0.96786,             0.64444,             0.82277,             0.67364,            0.032742,            0.028413,           0.0011319,            0.000958,            0.000958,            0.000958
                 276,            0.037077,            0.025579,          0.00077401,             0.96756,             0.64444,             0.82493,             0.66695,             0.03387,              0.0289,           0.0011687,            0.000925,            0.000925,            0.000925
                 277,            0.039166,            0.029238,           0.0011826,             0.96856,             0.64444,             0.82458,             0.65497,            0.034476,            0.028453,           0.0010982,            0.000892,            0.000892,            0.000892
                 278,            0.038095,            0.027717,          0.00085741,              0.9685,             0.64444,             0.82528,             0.66003,             0.03291,            0.028286,           0.0010825,            0.000859,            0.000859,            0.000859
                 279,            0.039744,            0.029694,            0.001093,             0.96895,             0.64444,             0.82383,             0.65828,            0.031774,            0.028086,           0.0011064,            0.000826,            0.000826,            0.000826
                 280,            0.039285,            0.027091,           0.0013061,             0.96901,             0.64444,             0.82556,             0.65569,             0.03214,            0.027783,           0.0010788,            0.000793,            0.000793,            0.000793
                 281,            0.037149,            0.029219,           0.0016936,             0.63386,             0.83333,             0.82386,             0.66079,            0.032694,            0.027276,           0.0010269,             0.00076,             0.00076,             0.00076
                 282,              0.0429,            0.031497,           0.0016074,             0.64544,             0.83333,             0.82509,             0.65981,            0.033583,            0.027088,          0.00098443,            0.000727,            0.000727,            0.000727
                 283,            0.036674,            0.027955,          0.00095902,             0.65463,             0.83333,             0.82738,             0.66104,            0.033323,            0.027118,          0.00096822,            0.000694,            0.000694,            0.000694
                 284,             0.03723,            0.026473,           0.0010166,             0.65986,             0.83333,             0.82829,             0.65708,            0.032153,            0.027142,          0.00095499,            0.000661,            0.000661,            0.000661
                 285,            0.039151,            0.031177,           0.0015347,             0.67752,             0.83333,             0.83901,             0.66196,            0.033375,            0.026903,          0.00092161,            0.000628,            0.000628,            0.000628
                 286,            0.039858,            0.027575,          0.00099718,             0.68411,             0.83333,              0.8325,             0.66887,            0.032963,            0.026999,          0.00094759,            0.000595,            0.000595,            0.000595
                 287,            0.037515,             0.02775,          0.00090165,              0.6806,             0.83333,             0.88556,             0.67732,            0.032645,            0.026828,           0.0009191,            0.000562,            0.000562,            0.000562
                 288,             0.03985,            0.029151,           0.0007292,             0.66408,             0.83333,             0.83333,             0.66372,            0.032167,            0.027048,          0.00093293,            0.000529,            0.000529,            0.000529
                 289,            0.037489,            0.025691,           0.0010039,             0.65576,             0.83333,             0.82943,             0.66027,              0.0311,            0.027079,          0.00094795,            0.000496,            0.000496,            0.000496
                 290,            0.036512,            0.026259,            0.001022,              0.6519,             0.83333,             0.82788,             0.67457,            0.031109,            0.027108,          0.00095356,            0.000463,            0.000463,            0.000463
                 291,            0.038819,            0.028952,          0.00063641,             0.66085,             0.83333,             0.82817,              0.6776,            0.032357,            0.026943,          0.00090456,             0.00043,             0.00043,             0.00043
                 292,            0.041039,            0.029835,          0.00098044,             0.65298,             0.83333,             0.82559,             0.67584,            0.033356,            0.027247,          0.00093651,            0.000397,            0.000397,            0.000397
                 293,            0.037987,            0.027324,            0.001352,              0.6608,             0.83333,             0.82633,             0.65224,            0.034164,            0.027201,          0.00090122,            0.000364,            0.000364,            0.000364
                 294,            0.037026,            0.030025,           0.0010795,             0.65378,             0.83333,             0.82559,             0.65634,            0.033584,            0.027411,          0.00091887,            0.000331,            0.000331,            0.000331
                 295,             0.03983,            0.030244,            0.001209,             0.65832,             0.83333,             0.82674,             0.66526,            0.032574,            0.027197,           0.0008831,            0.000298,            0.000298,            0.000298
                 296,             0.03973,            0.027185,           0.0008512,             0.66233,             0.83333,             0.82933,             0.66719,            0.031977,            0.027025,           0.0008601,            0.000265,            0.000265,            0.000265
                 297,            0.038443,            0.029022,           0.0011528,             0.66125,             0.83333,              0.8315,             0.66968,             0.03216,            0.027049,          0.00086153,            0.000232,            0.000232,            0.000232
                 298,             0.03753,            0.027658,          0.00076514,             0.64509,             0.83333,             0.82718,             0.66618,            0.032013,            0.027266,          0.00086701,            0.000199,            0.000199,            0.000199
                 299,            0.041096,            0.028983,           0.0009504,             0.61425,             0.83333,             0.82559,             0.64389,            0.032669,             0.02772,          0.00090539,            0.000166,            0.000166,            0.000166
